Name,Price,Rating
Bel-Air,‎$645,92
Sheraton Gateway Los Angeles,‎$170,80
Omni Los Angeles at California Plaza,‎$203,88
Miyako,‎$279,80
JW Marriott Los Angeles,‎$299,87
The Westin Bonaventure,‎$219,81
Kimpton Palomar LA Beverly Hills,‎$232,83
The Ritz-Carlton Los Angeles,‎$499,88
Luxe City Center Hotel,‎$206,82
Residence Inn Los Angeles L.A. Live,‎$259,88
Mr. C Beverly Hills,‎$373,87
DoubleTree by Hilton Los Angeles Downtown,‎$159,81
Ace Hotel Downtown Los Angeles,‎$278,83
Luxe Sunset Boulevard,‎$255,83
The Orlando,‎$202,81
Marriott Los Angeles Airport,‎$179,81
Los Angeles Athletic Club,‎$219,84
Kimpton Hotel Wilshire,‎$255,82
Sofitel Los Angeles at Beverly Hills,‎$329,88
Intercontinental Los Angeles Century City,‎$383,84
Residence Inn Los Angeles LAX Century Boulevard,‎$178,88
Beverly Hills Plaza and Spa,‎$275,83
Courtyard Los Angeles L.A. Live,‎$259,85
Embassy Suites Los Angeles-International Airport North,‎$169,83
Crowne Plaza Los Angeles International Airport,‎$127,80
Farmer's Daughter,‎$262,83
DoubleTree by Hilton Los Angeles Downtown,‎$199,81
Courtyard Los Angeles L.A. Live,‎$239,85
Hilton Los Angeles Airport,‎$151,79
"Radisson Midtown at USC, Los Angeles",‎$389,79
O Hotel,‎$224,73
Crowne Plaza Los Angeles International Airport,‎$127,80
Ramada Los Angeles / Downtown West,‎$159,69
The Westin Los Angeles Airport,‎$161,77
Beverly Hills Plaza and Spa,‎$295,83
Residence Inn Los Angeles LAX Century Boulevard,‎$198,88
Howard Johnson Los Angeles / Near Convention Center,‎$149,71
Marriott Los Angeles Airport,‎$179,81
Kawada,‎$167,59
Kimpton Hotel Wilshire,‎$332,82
Embassy Suites Los Angeles-International Airport North,‎$249,83
Super 8 Los Angeles Alhambra,‎$80,67
Sunshine Suites at The Piero,‎$238,74
Courtyard by Marriott Los Angeles Century City Beverly Hills,‎$207,81
Holiday Inn Express West Los Angeles,‎$171,76
Travelodge Hotel LAX Los Angeles Intl,‎$139,73
Sky,‎$255,69
Stillwell,‎$111,57
Miyako,‎$284,80
Comfort Inn CA785,‎$207,76
Custom,‎$151,83
La Quinta Inn & Suites LAX,‎$119,81
Courtyard by Marriott Los Angeles Century City Beverly Hills,‎$220,85
JJ Grand,‎$139,79
Comfort Inn City Center,‎$129,79
Super 8 Los Angeles Culver City Area,‎$135,73
The Moment,‎$215,80
The Mayfair,‎$164,69
Quality Inn & Suites Los Angeles,‎$124,77
Super 8 Los Angeles Alhambra,‎$80,83
Elan,‎$229,88
The Concourse At Los Angeles Airport,‎$169,71
Royal Palace Westwood,‎$209,81
Stay on Main,‎$89,59
Best Western Plus Eagle Rock Inn,‎$160,82
Friendship Motor Inn,‎$92,83
Ramada Los Angeles / Wilshire Center,‎$104,67
Aventura,‎$148,74
The L.A. Hotel Downtown,‎$199,81
Holiday Inn LOS Angeles - LAX Airport,‎$119,76
Holiday Inn Express Los Angeles Lax Airport,‎$129,73
Quality Inn Los Angeles,‎$80,69
Malibu Beach Paradise Apartments,‎$532,57
Travelodge Hotel LAX Los Angeles Intl,‎$129,80
Renaissance Los Angeles Airport,‎$189,76
The L.A. Hotel Downtown,‎$199,79
The Mayfair,‎$164,60
Malibu Beach Paradise Apartments,‎$532,82
Mama Shelter Los Angeles,‎$179,85
Ramada Los Angeles / Wilshire Center,‎$104,66
Renaissance Los Angeles Airport,‎$189,82
The Moment,‎$215,81
Royal Palace Westwood,‎$209,81
Quality Inn Los Angeles,‎$80,77
Americas Best Value Inn - Los Angeles Hollywood,‎$105,69
The Angels Suites,‎$229,72
Comfort Inn Near Old Town Pasadena,‎$116,81
The Concourse At Los Angeles Airport,‎$169,70
The Willow,‎$150,81
Best Western Plus Sunset Plaza,‎$278,84
Holiday Inn LOS Angeles - LAX Airport,‎$119,72
Courtyard by Marriott Los Angeles LAX Century Boulevard,‎$174,84
Clarion Inn at Universal Studios Hollywood,‎$218,72
Knights Inn Los Angeles Central Convention Center Area,‎$129,71
Garden Suite,‎$119,65
Metro Plaza Los Angeles Downtown,‎$129,72
Scdeal Avalo Suites,‎$269,81
Oxford Palace,‎$129,75
Best Western Plus Dragon Gate Inn,‎$200,73
Park Plaza Lodge,‎$185,74
